Cas12b__set_3_3-21	TTQRAYTLRLNRASNSCDCWHDALWATHKAVNRGAKAFGDWLLTLRGGLCHTLVKGNNPPQRPTDQERRDRKLREILEKQDCGPSLKAHIREDAVWVNRRALFDAAVERIKTLTEAWDFLGYFAGIKDKDDAEGPGIGTGADFMSMAEAYEKIAKWASQADNGKATIVLKCISHTLDKKSTVTQEDLNKVGKKGKKPWADEVLKDENSCELTYLQDNSPARHREFVMLDHAARRVSMAHSWIKKAEQRRRQFESDAQKLKNLQERAVEWLDRFCESRSMTTGANSGYRIRKRAIEGWSYVVQAWAEASCDTEDKRIAAARKVQADPEEKFGDIQLFEALAADEAICVWRNPSILIDYVTGKTAEHNQKRFKVPAYRHPDELRHPVFCDFGNSRWSIQFAIHKEIRLQNRHGLKMRLWNGRSMTDVNLHWSSRLTADLALDQNPPNPTEVTRADDHVKIKNVFNEKRLQAPRAELDRIQGKTEQAEKRKRLRWYVSFSPCLSPSGPFIVYAGQHNIQPKRSGQYAPHAQANKGRARILSRLPDLRILSVDLGHRFAAACAVWETLSSDAFGSGEGDLFYRRIGPDQPWARLDRQFLIKLQGEDEGVREASNEELWKKLREMSSALGTLRLALKRHGKYYFHEDNQIEFLQSLWHDLFSSPDWEDNEAKKLWQNHIATLPNYQTPEEISELRDKRQHLHDTQWKERLRSLKDWIFPRGKAEDNPSIRHVGGLSITRINTISGLYQILKAFKMRPEPDDLRKNIPELENFNRRLLEARDRLREQRVKQLASRIIEAALGVGRKNGKLPKRPRTTVDTPCHAVVIESLKTYRPDDLRTRRENRQLMQWSSAKVRKYLKEGCELYGLHFLEVPANYTSRQCSRTGLPGIRCDDVPTGDFLKAPWWRRAINTAREDLYDHLNNLQSKALPATVRVPRQGGNLFIAGADDTNKERRAIQADLNAAANIGLRALLDPDRWWYVPCKDGTSEPALDRIEGSTAFNDVRSLPTGDNSSRRAPREIENLWRDPSGDSLESGTWSPTRAYWDTVQSRVIELLRRHAGLPTS	0
Cas12b__set_3_5-29	MVLGRDDTAELRRALWTTHEHVNLAVAEVERVLLRCRGRSYWTLDRRGDPVHVPESQVAEDALAMAREAQRRNGWPVVGEDEEILLALRYLYEQIVPSCLLLKGDAQKIGTNYAGPLFDSDTEGKKAKNKAYNKDDWKKEKDKGISSWAVKYILQLGQDPRTEVRKLWLELGLLPLFIPVFDKTMVGNLWNRLAVRLALAHLLSWESWNHRAVQDQALARAKRDELAALFLGMEDGFAGLREYELRRNESIKQHAFEPVDRPYVVSGRALRSWTRVREEWLRHGDTQESRKNICNRLQDRLRGKFGDPDVFHWLAEDGQEALWKERDCVTSFSLLNDADGLLEKRKGYALMTFADARLHPRWAMYEAPGGSNLRTYQIRKTENGLWADVVLLSPRNESAAVEEKTFNVRLAPSGQLSNVSFDQIQKGSKMVGRCRYQSANQQFEGLLGGAEILFDRKRIANEQHGATDLASKPGHVWFKLTLDVRPQAPQGGRPALPPEAKHFKTALSNKSKFADQVRPGLRVLSVDLGVRSFAACSVFELVRGGPDQGTYFPAADPEKLWAKHERSFKITLPGENPSRKEEIARRAAMEELRSLNGDIRRLKAILRLSVLQEDDPTEHLRLFMEAIVDDPAKSALNAELFKFGDDRFRSTPDLWKQHCHFFHDKAEKVVAERFSRWRTETRPSSSWRERRGYAGGKSYWAVTYLEAVRGLILRWNMRGRTYGEVNRQDKFGTVASALLHHINQLKEDRIKTGADMIIQAARGFVPRKNGAGWVQVHEPCRLILFEDLARYRFRTDRSRRENSRLMRWSHREIVNEVGMQGELYGLHVDTTEAGFSSRYLASSGAPGVRCRHLVEEDFHDGLPGMHWLPKDKDRTANEARRLLGGMVRPGMLVPWDGGELFATLNAASQLHVIHADINAAQNLQRRFWGRCGEAIRIVCNQLSVDGSTRYEMAKLGALQQLKNGDAPFHLTSIENSYVMTNAGKKRAGPGEKSSGEEDELALDIVEQAEELAQGRKTFFRDPSGVFFAPDRWLPSEIYWSRIRRRIWQVTLERNSSGRQERAEMDEMPY	0
Cas12b__set_3_13-68	MAVKSIKVKLMLGHLPEIREGLWHLHEAVNLGVRYYTEWLALLRQGNLYRRGKDGAQECYMTAEQCRQELLVRLRDRQKRNGHTGDPGTDEELLGVARRLYELLVPQSVGKKGQAQMLASGFLSPLADPKSEGGKGTSKSGRKPAWMGMKEAGDSRWVEAKARYEANKAKDPTKQVIASLEMYGLRPLFDVFTETYKTIRWMPLGKHQGVRAWDRDMFQQSLERLMSWESWNERVGAEFARLVDRRDRFREKHFTGQEHLVALAQRLEQEMKEASPGFESKSSQAHRITKRALRGADGIIDDWLKLSEGEPVDRFDEILRKRQAQNPRRFGSHDLFLKLAEPVFQPLWREDPSFLSRWASYNEVLNKLEDAKQFATFTLPSPCSNPVWARFENAEGTNIFKYDFLFDHFGKGRHGVRFQRMIVMRDGVPTEVEGIVVPIAPSRQLDALAPNDAASPIDVFVGDPAAPGAFRGQFGGAKIQYRRSALVRKGRRTGTPADDAGEVFLNLSLRVESQSEQAGRRNPPYAAVFHISDQTRRVIVRYGEIERYLAEHPDTGIPGSRGLTSGLRVMSVDLGLRTSAAISVFRVAHRDELTPDHGRQPFFFPIHGMDHLVALHERSHLIRLPGETESKKVRSIREQRLDRLNRLRSQMASLRLLVRTGVLDEQKRDRNWERLQSSMERGGERMPSDWWDLFQAQVRYLAQHRDASGEAWGRMVQAAVRTLWRQLAKQVRDWRKEVRNADKVKIRGIPGGHSLAQLDYLERQYRFLRSWSAFSVQAGQVVRAERDSRFAVALREHIDNGKKDRLKKLADRILMEALGYVYVTDGRRAGQWQAVYPPCQLVLLEELSEYRFSNDRPPSENSQLMVWSHRGVLEELIHQAQVHDVLVGTIPAAFSSRFDARTGAPGIRCRRVPSIPLKDAPSIPIWLSHYLKQTERDAAALRPGELIPTGDGEFLVTPAGRGASGVRVVHADINAAHNLQRRLWENFDLSDIRVRCDRREKDGTVVLIPRLTNQRVKERYSGVIFTSEDGVSFTVGDAKTRRRSSASQDDLSDEEQELLAEADDARERSVVLFRDPSGFVNGGRWTAQRAFWGMVHNRIETLLAERFSVSGAAEKVRG	1
5U33_A-84	SMAVKSIKVKLRLDDMPEIRAGLWKLHKEVNAGVRYYTEWLSLLRQENLYRRSPNGDGEQECDKTAEECKAELLERLRARQVENGHRGPAGSDDELLQLARQLYELLVPQAIGAKGDAQQIARKFLSPLADKDAVGGLGIAKAGNKPRWVRMREAGEPGWEEEKEKAETRKSADRTADVLRALADFGLKPLMRVYTDSEMSSVEWKPLRKGQAVRTWDRDMFQQAIERMMSWESWNQRVGQEYAKLVEQKNRFEQKNFVGQEHLVHLVNQLQQDMKEASPGLESKEQTAHYVTGRALRGSDKVFEKWGKLAPDAPFDLYDAEIKNVQRRNTRRFGSHDLFAKLAEPEYQALWREDASFLTRYAVYNSILRKLNHAKMFATFTLPDATAHPIWTRFDKLGGNLHQYTFLFNEFGERRHAIRFHKLLKVENGVAREVDDVTVPISMSEQLDNLLPRDPNEPIALYFRDYGAEQHFTGEFGGAKIQCRRDQLAHMHRRRGARDVYLNVSVRVQSQSEARGERRPPYAAVFRLVGDNHRAFVHFDKLSDYLAEHPDDGKLGSEGLLSGLRVMSVALGLRTSASISVFRVARKDELKPNSKGRVPFFFPIKGNDNLVAVHERSQLLKLPGETESKDLRAIREERQRTLRQLRTQLAYLRLLVRCGSEDVGRRERSWAKLIEQPVDAANHMTPDWREAFENELQKLKSLHGICSDKEWMDAVYESVRRVWRHMGKQVRDWRKDVRSGERPKIRGYAKDVVGGNSIEQIEYLERQYKFLKSWSFFGKVSGQVIRAEKGSRFAITLREHIDHAKEDRLKKLADRIIMEALGYVYALDERGKGKWVAKYPPCQLILLAELSEYQFNNDRPPSENNQLMQWSHRGVFQELINQAQVHDLLVGTMYAAFSSRFDARTGAPGIRCRRVPARCTQEHNPEPFPWWLNKFVVEHTLDACPLRADDLIPTGEGEIFVSPFSAEEGDFHQIHAALNAAQNLQQRLWSDFDISQIRLRCDWGEVDGELVLIPRLTGKRTADSYSNKVFYTNTGVTYYERERGKKRRKVFAQEKLSEEEAELLVEADEAREKSVVLMRDPSGIINRGNWTRQKEFWSMVNQRIEGYLVKQIRSRVPLQDSACENTGDI	0
WP_139234486.1-92	MKSIKVKLMLGHLPEIREGLWHLHEAVNLGVRYYTEWLALLRQGNLYRRGKDGAQECYMTAEQCRQELLVRLRDRQKRNGHTGDPGTDEELLGVARRLYELLVPQSVGKKGQAQMLASGFLSPLADPKSEGGKGTSKSGRKPAWMGMKEAGDSRWVEAKARYEANKAKDPTKQVIASLEMYGLRPLFDVFTETYKTIRWMPLGKHQGVRAWDRDMFQQSLERLMSWESWNERVGAEFARLVDRRDRFREKHFTGQEHLVALAQRLEQEMKEASPGFESKSSQAHRITKRALRGADGIIDDWLKLSEGEPVDRFDEILRKRQAQNPRRFGSHDLFLKLAEPVFQPLWREDPSFLSRWASYNEVLNKLEDAKQFATFTLPSPCSNPVWARFENAEGTNIFKYDFLFDHFGKGRHGVRFQRMIVMRDGVPTEVEGIVVPIAPSRQLDALAPNDAASPIDVFVGDPAAPGAFRGQFGGAKIQYRRSALVRKGRREEKAYLCGFRLPSQRRTGTPADDAGEVFLNLSLRVESQSEQAGRRNPPYAAVFHISDQTRRVIVRYGEIERYLAEHPDTGIPGSRGLTSGLRVMSVDLGLRTSAAISVFRVAHRDELTPDAHGRQPFFFPIHGMDHLVALHERSHLIRLPGETESKKVRSIREQRLDRLNRLRSQMASLRLLVRTGVLDEQKRDRNWERLQSSMERGGERMPSDWWDLFQAQVRYLAQHRDASGEAWGRMVQAAVRTLWRQLAKQVRDWRKEVRRNADKVKIRGIARDVPGGHSLAQLDYLERQYRFLRSWSAFSVQAGQVVRAERDSRFAVALREHIDNGKKDRLKKLADRILMEALGYVYVTDGRRAGQWQAVYPPCQLVLLEELSEYRFSNDRPPSENSQLMVWSHRGVLEELIHQAQVHDVLVGTIPAAFSSRFDARTGAPGIRCRRVPSIPLKDAPSIPIWLSHYLKQTERDAAALRPGELIPTGDGEFLVTPAGRGASGVRVVHADINAAHNLQRRLWENFDLSDIRVRCDRREGKDGTVVLIPRLTNQRVKERYSGVIFTSEDGVSFTVGDAKTRRRSSASQGEGDDLSDEEQELLAEADDARERSVVLFRDPSGFVNGGRWTAQRAFWGMVHNRIETLLAERFSVSGAAEKVRG	1
WP_021296342.1-80	MAVKSIKVKLRLDDMPEIRAGLWKLHKEVNAGVRYYTEWLSLLRQENLYRRSPNGDGEQECDKTAEECKAELLERLRARQVENGHRGPAGSDDELLQLARQLYELLVPQAIGAKGDAQQIARKFLSPLADKDAVGGLGIAKAGNKPRWVRMREAGEPGWEEEKEKAETRKSADRTADVLRALADFGLKPLMRVYTDSEMSSVEWKPLRKGQAVRTWDRDMFQQAIERMMSWESWNQRVGQEYAKLVEQKNRFEQKNFVGQEHLVHLVNQLQQDMKEASPGLESKEQTAHYVTGRALRGSDKVFEKWGKLAPDAPFDLYDAEIKNVQRRNTRRFGSHDLFAKLAEPEYQALWREDASFLTRYAVYNSILRKLNHAKMFATFTLPDATAHPIWTRFDKLGGNLHQYTFLFNEFGERRHAIRFHKLLKVENGVAREVDDVTVPISMSEQLDNLLPRDPNEPIALYFRDYGAEQHFTGEFGGAKIQCRRDQLAHMHRRRGARDVYLNVSVRVQSQSEARGERRPPYAAVFRLVGDNHRAFVHFDKLSDYLAEHPDDGKLGSEGLLSGLRVMSVDLGLRTSASISVFRVARKDELKPNSKGRVPFFFPIKGNDNLVAVHERSQLLKLPGETESKDLRAIREERQRTLRQLRTQLAYLRLLVRCGSEDVGRRERSWAKLIEQPVDAANHMTPDWREAFENELQKLKSLHGICSDKEWMDAVYESVRRVWRHMGKQVRDWRKDVRSGERPKIRGYAKDVVGGNSIEQIEYLERQYKFLKSWSFFGKVSGQVIRAEKGSRFAITLREHIDHAKEDRLKKLADRIIMEALGYVYALDERGKGKWVAKYPPCQLILLEELSEYQFNNDRPPSENNQLMQWSHRGVFQELINQAQVHDLLVGTMYAAFSSRFDARTGAPGIRCRRVPARCTQEHNPEPFPWWLNKFVVEHTLDACPLRADDLIPTGEGEIFVSPFSAEEGDFHQIHADLNAAQNLQQRLWSDFDISQIRLRCDWGEVDGELVLIPRLTGKRTADSYSNKVFYTNTGVTYYERERGKKRRKVFAQEKLSEEEAELLVEADEAREKSVVLMRDPSGIINRGNWTRQKEFWSMVNQRIEGYLVKQIRSRVPLQDSACENTGDI	1
Cas12b__set_3_14-67	VAVKSIKVKLMLGHLPEIREGLWHLHEAVNLGVRYYTEWLALLRQGNLYRRGKDGAQECYMTAEQCRQELLVRLRDRQKRNGHTGDPGTDEELLGVARRLYELLVPQSVGKKGQAQMLASGFLSPLADPKSEGGKGTSKSGRKPAWMGMKEAGDSRWVEAKARYEANKAKDPTKQVIASLEMYGLRPLFDVFTETYKTIRWMPLGKHQGVRAWDRDMFQQSLERLMSWESWNERVGAEFARLVDRRDRFREKHFTGQEHLVALAQRLEQEMKEASPGFESKSSQAHRITKRALRGADGIIDDWLKLSEGEPVDRFDEILRKRQAQNPRRFGSHDLFLKLAEPVFQPLWREDPSFLSRWASYNEVLNKLEDAKQFATFTLPSPCSNPVWARFENAEGTNIFKYDFLFDHFGKGRHGVRFQRMIVMRDGVPTEVEGIVVPIAPSRQLDALAPNDAASPIDVFVGDPAAPGAFRGQFGGAKIQYRRSALVRKGRRTGTPADDAGEVFLNLSLRVESQSEQAGRRNPPYAAVFHISDQTRRVIVRYGEIERYLAEHPDTGIPGSRGLTSGLRVMSVDLGLRTSAAISVFRVAHRDELTPDHGRQPFFFPIHGMDHLVALHERSHLIRLPGETESKKVRSIREQRLDRLNRLRSQMASLRLLVRTGVLDEQKRDRNWERLQSSMERGGERMPSDWWDLFQAQVRYLAQHRDASGEAWGRMVQAAVRTLWRQLAKQVRDWRKEVRNADKVKIRGIPGGHSLAQLDYLERQYRFLRSWSAFSVQAGQVVRAERDSRFAVALREHIDNGKKDRLKKLADRILMEALGYVYVTDGRRAGQWQAVYPPCQLVLLEELSEYRFSNDRPPSENSQLMVWSHRGVLEELIHQAQVHDVLVGTIPAAFSSRFDARTGAPGIRCRRVPSIPLKDAPSIPIWLSHYLKQTERDAAALRPGELIPTGDGEFLVTPAGRGASGVRVVHADINAAHNLQRRLWENFDLSDIRVRCDRREKDGTVVLIPRLTNQRVKERYSGVIFTSEDGVSFTVGDAKTRRRSSASQDDLSDEEQELLAEADDARERSVVLFRDPSGFVNGGRWTAQRAFWGMVHNRIETLLAERFSVSGAAEKVRG	1
Cas12b__set_3_1-34	VTQRAYTLRLRGADPSDLSWREALWHTHEAVNKGAKVFGDWLLTLRGGLDHTLAGKGKPDRDPTPEERKARALEEILQSRDCSASLSAAIRDDAVWVNRSKVFDEAVKSVGSSLTEAWDMLGDAYLTPMKDPEDKSSEGTSEGADFCRMSDIYGKIAAWADNAQGGSSTVIIGLSSYELLRQTSLNKSHLDKIGSKGQRPYSDAILNDESVCGFTYRKDGQPARHYIFVMLDHAARRISLAHKWIKRAEAERHKFEEDAKRIANVPARAREWLDSFCKERSVTSGAVEPYRIRRRAVDGWKEVVAAWSKSDCKSTEDRIAAARALQDDSEDKFGDIQLFEALAEDDALCVWHPDFQPLIDYSLAIEAEFKKRQFKVPAYRHPDELLHPVFCDFGKSRWKINYDVHKNVQAPFYRGLCLTLWTGSEIKPVPLCWQSRLTRDLALGNNHDAASAVTRADDMVNITGLFEQARLQAPRQQLEAINPRLSEQERNREHIRWLVTFSVKLQPQGPWCAYAEQHGLNTNPQYWPHADTNRDRKVILPRLPGLRVLSVDLGHRYAAACAVWEAVNTETVMPKEHDLYYRRIGADTPWARLDRQFLIKLQGEEKDAREASNEEIWDALKEMFSAVRTLRLALQRHGQEKLDENGRIDLLQALWHELFSSPGWRDEAAKQLWDSRIATLAGYKAPEENGNVREQCKELSDARWKKLLRWFKDWVLPGTQANNATIRNVGGLSLSRLATITEFRRVQVGFFTRLRPDGTRHEIGEQFGQKTLDALELLREQRVKQLASRIAEAALGIGSEGDGGKRPRQRINDPCHAVVIENLANYRPDETRTRLENRRLMTWSASKVHKYLSEACQLNGLYLCTVSAWYTSRQDSRTGAPGIRCQDVSVREFMQSPFWRKQVKQAEAELNKTWKAKTPAKKAGFVRIPLRGGEIFVSADSKSPSAKGIHADLNAAANIGLRALTDPDKWWYVPCDPVSFESKMDYVKGCAAVKVGQPLRQPAQTNADGAASKIRKGKKNRTAGTSKEKVYLWRDISAFPLEIGEWKETSAYQNDVQYRVIRMLKEHIKSLDNRTGDNVEG	0
Cas12b__set_3_15-65	MAVKSIKVKLRLSECPDILAGMWQLHRATNAGVRYYTEWVSLMRQEILYSRGPDGGQQCYMTAEDCQRELLRRLRNRQLHNGRQDQPGTDADLLAISRRLYEILVLQSIGKRGDAQQIASSFLSPLVDPNSKGGRGEAKSGRKPAWQKMRDQGDPRWVAAREKYEQRKAVDPSKEILNSLDALGLRPLFAVFTETYRSVDWKPLGKSQGVRTWDRDMFQQALERLMSWESWNRRVGEEYARLFQQKMKFEQEHFAEQSHLVKLARALEADMRAASQGFEAKRGTAHQITRRALRGADRVFEIWKSIPEEALFSQYDEVIRQVQAEKRRDFGSHDLFAKLAEPKYQPLWRADETFLTRYALYNGVLRDLEKARQFATFTLPDACVNPIWTRFESSQGSNLHKYEFLFDHLGPGRHAVRFQRLLVVESEGAKERDSVVVPVAPSGQLDKLVLREEESSVALHLHDTARPDGFMAEWAGAKLQYERSTLARKARRSAAQAKQAGDVYLNISVRVKSPSEVRGQRRPPYAALFRIDDKQRRVTVNYNKLSAYLEEHPDKQIPGAPGLLSGLRVMSVDLGLRTSASISVFRVAKKEEVEALDGRPPHYYPIHGTDDLVAVHERSHLIQMPGETETKQLRKLREERQAVLRPLFAQLALLRLLVRCGAADERIRTRSWQRLTKQGREFTKRLTPSWREALELELTRLEAYCGRVPDDEWSRIVDRTVIALWRRMGKQVRDWRKQVKSGAKVKVKGYVGGNSLAQIDYLEQQYKFLRRWSFFARASGLVVRADRESHFAVALRQHIENAKRDRLKKLADRILMEALGYVYEASGPREGQWTAQHPPCQLIILEELSAYRFSDDRPPSENSKLMAWGHRGILEELVNQAQVHDVLVGTVYAAFSSRFDARTGAPGVRCRRVPAVGATVDDSLPLWLTEFLDKHRLDKNLLRPDDVIPTGEGEFLVSPCGEEAARVRQVHADINAAQNLQRRLWQNFDITELRLRCDVKMGEGTVLVPRVNNARAKQLFGKKVLVSQDGVTFFERSQTGGKPHSEKQTDLTDKELELIAEADEARAKSVVLFRDPSGHIGKGHWIRQREFWSLVKQRIESHTAERIRVRGVGSSLD	1
WP_206922773.1-82	MTVKSIKVKLRLDNMPEIRAGLWKLHTEVNAGVRYYTEWLSLLRQENLYRRSPNGDGEQECYKTAEECKVELLERLRARQVENGHRDPAGSDDELLQLARQLYELLVPQAIGAKGDAQQIARKFLSPLADKDAVGGLGIAKAGNKPRWVRMRDAGEPGWEEEKAKAEARKSTDRTADVLRALADFGLKPLMRVYTDSDMSSVQWKPLRKGQAVRTWDRDMFQQAIERMMSWESWNQRVGEAYAKLVEQKSRFEQKNFVGQEHLVQLVNQLQQDMKEASHGLESKEQTAHYLTGRALRGSDKVFEKWEKLDPDAPFDLYDTEIKNVQRRNTRRFGSHDLFAKLAEPKYQALWREDASFLTRYAAYNSILRKLNHAKMFATFTLPDATAHPIWTRFDKLGGNLHQYTFLFNEFGEGRHAIRFQKLLTIEHGVAKEVDDVTVPISMSAQLDDLLPGESNEPTELSFRDHGTDQHFTGEFGGAKIQYRRDQLDHVHRRRGARDVYLNLSVRVQSQSEARGERRPPYAAVFRLVGDTHRAFAHFDKLSNYLAEHPDDGKLGSEGLLSGLRVMSVDLGLRTSASISVFRVARKDELKPNSEGRVPFFFPIKGNDNLVAVHERSQLLKLPGETESKDLRAIREERQRILRQLRTQLAYLRLLVRCGSEDVGRRERSWAKLIEQSVDAANHMTPDWREAFEGELQKLKSLYGICGDREWTEAVYESVRRVWRHMGKQVRDWRKDVRSGERPKIRGYQKDVVGGNSIEQIEYLERQYKFLKSWSFFGKVSGQVIRAEKGSRFATTLREHIDHAKEDRLKKLADRIIMEALGYVYALDAERGKGTWVAKYPPCQLILLEELSEYRFNNDRPPSENNQLMQWSHRGVFQELLNQAQVHDLLVGTMYAAFSSRFDARTGAPGIRCRRVPARCAREQNPEPFPWWLNKFVAEHKLDGCPLRADDLIPTGEGEFFVSPFSAEEGDFHQIHADLNAAQNLQRRLWSDFDISQIRLRCDWGEVDGEPVLIPRLTGKRTADSYGNKVFYTNTGVTYYERERGKKRRKAFAQEELSEEEAELLVEADEAREKSVVLMRDPSGIINRGDWTRQKEFWSMVNQRIEGYLVKQIRSRVCLPESACENTGDI	1
SFU30094.1-94	MAVKSIKVKLMLGHLPEIREGLWHLHEAVNLGVRYYTEWLALLRQGNLYRRGKDGAQECYMTAEQCRQELLVRLRDRQKRNGHTGDPGTDEELLGVARRLYELLVPQSVGKKGQAQMLASGFLSPLADPKSEGGKGTSKSGRKPAWMGMKEAGDSRWVEAKARYEANKAKDPTKQVIASLEMYGLRPLFDVFTETYKTIRWMPLGKHQGVRAWDRDMFQQSLERLMSWESWNERVGAEFARLVDRRDRFREKHFTGQEHLVALAQRLEQEMKEASPGFESKSSQAHRITKRALRGADGIIDDWLKLSEGEPVDRFDEILRKRQAQNPRRFGSHDLFLKLAEPVFQPLWREDPSFLSRWASYNEVLNKLEDAKQFATFTLPSPCSNPVWARFENAEGTNIFKYDFLFDHFGKGRHGVRFQRMIVMRDGVPTEVEGIVVPIAPSRQLDALAPNDAASPIDVFVGDPAAPGAFRGQFGGAKIQYRRSALVRKGRREEKAYLCGFRLPSQRRTGTPADDAGEVFLNLSLRVESQSEQAGRRNPPYAAVFHISDQTRRVIVRYGEIERYLAEHPDTGIPGSRGLTSGLRVMSVDLGLRTSAAISVFRVAHRDELTPDAHGRQPFFFPIHGMDHLVALHERSHLIRLPGETESKKVRSIREQRLDRLNRLRSQMASLRLLVRTGVLDEQKRDRNWERLQSSMERGGERMPSDWWDLFQAQVRYLAQHRDASGEAWGRMVQAAVRTLWRQLAKQVRDWRKEVRRNADKVKIRGIARDVPGGHSLAQLDYLERQYRFLRSWSAFSVQAGQVVRAERDSRFAVALREHIDNGKKDRLKKLADRILMEALGYVYVTDGRRAGQWQAVYPPCQLVLLEELSEYRFSNDRPPSENSQLMVWSHRGVLEELIHQAQVHDVLVGTIPAAFSSRFDARTGAPGIRCRRVPSIPLKDAPSIPIWLSHYLKQTERDAAALRPGELIPTGDGEFLVTPAGRGASGVRVVHADINAAHNLQRRLWENFDLSDIRVRCDRREGKDGTVVLIPRLTNQRVKERYSGVIFTSEDGVSFTVGDAKTRRRSSASQGEGDDLSDEEQELLAEADDARERSVVLFRDPSGFVNGGRWTAQRAFWGMVHNRIETLLAERFSVSGAAEKVRG	1
Cas12b__set_3_9-49	MTVRSIRVKLAVGSPQYRDVRRGLWKTHEIMNQGVRYYCEWLVLMRQEPIYDEDEHGLTVVQRTREDIQAELLSRLRTLQSAHQHSGDMGTDEELLSLMRQLYEQLVPSSVDKSGDARMIARNFFNPLTNPNSQGGLGISNAGRKPKWLLKKLSGDPTWEEDYKKAMEQKQESSVSFLLLELRRFGLHPIFLPYTDTVLEVSWAPKKARQWVRKWDYDLFQQSIERMLSWESWTRRVKERFEKLVESEKKFYDENFATDPEFIKLAETLEGELQASSQGFVAVDEHAFQIRPRSMRGFDRVADEWCKLADDAPIEEYEAAIKRVQARLGRNFGSYVLFAHLAKPEYWSLWRSDPTKILRFARLRALQRAVARAKRHARLTLPDAIHHPIWIRYDAKGKNIYSYRLLIPEKRSKRYYVEFSSLIMPDGENREHRNIRVPLAFSRQWERLHFSMEDGSLCVQYRDPGVDEPLRAELGGAKIQFDRRYLIRRSSTLSAGECGPVYLNVSVDVNPAHRPDVQVLQSAKLVSVSRDTNRIYLRPENLSAYWKSQGDGTLPLRVMSVDLGVRSSAAVVICRLEHRDSVVSSGRRTATIYRIAGTDEFVAVQERAFLLRLPGEGKGTNLRDVYAQLGTIRQGIQILRSLLRCDTKTPDERQEALHGLAQSLEPSGAWKDELHPHLVMLQGVVHDSVDNWKQKVISVHRQMERILGHAVREWKVAKNAGKPPIRRGAGGLSLRRIRQLEQERRTLVAWSNHAREPGQVVRIKRGTQVAQWLVERVNHLKEDRLKKLADLLIMTALGYVYDETKPSGHKWDKRYPPCQIILMEDLSRYRFQSDRPPSENSQLMAWSHRRLLEILKLQADLHKLIVGTVFPAFSSRFDAQSGAPGVRCRSVKKQDIENAAQGKGWLARELQRLNWTLEWLQPNDLIPTGDGELFVTPACDRQKGIKIVHADLNAAQNLQRRFWGGHAESLCRVTCDVVERDGRRYAVPRISNAFADSVFGQGVFVSTDEEDVYVGEKISSRGRSRGRTSDEEAEAETWIDEAREKVIALFRDASGQIHGGDWLVAKVFWGWVERLVTARLLSRMSEREAAAHKE	1
WP_067936067.1-97	MAVKSIKVKLRLSECPDILAGMWQLHRATNAGVRYYTEWVSLMRQEILYSRGPDGGQQCYMTAEDCQRELLRRLRNRQLHNGRQDQPGTDADLLAISRRLYEILVLQSIGKRGDAQQIASSFLSPLVDPNSKGGRGEAKSGRKPAWQKMRDQGDPRWVAAREKYEQRKAVDPSKEILNSLDALGLRPLFAVFTETYRSGVDWKPLGKSQGVRTWDRDMFQQALERLMSWESWNRRVGEEYARLFQQKMKFEQEHFAEQSHLVKLARALEADMRAASQGFEAKRGTAHQITRRALRGADRVFEIWKSIPEEALFSQYDEVIRQVQAEKRRDFGSHDLFAKLAEPKYQPLWRADETFLTRYALYNGVLRDLEKARQFATFTLPDACVNPIWTRFESSQGSNLHKYEFLFDHLGPGRHAVRFQRLLVVESEGAKERDSVVVPVAPSGQLDKLVLREEEKSSVALHLHDTARPDGFMAEWAGAKLQYERSTLARKARRDKQGMRSWRRQPSMLMSAAQMLEDAKQAGDVYLNISVRVKSPSEVRGQRRPPYAALFRIDDKQRRVTVNYNKLSAYLEEHPDKQIPGAPGLLSGLRVMSVDLGLRTSASISVFRVAKKEEVEALGDGRPPHYYPIHGTDDLVAVHERSHLIQMPGETETKQLRKLREERQAVLRPLFAQLALLRLLVRCGAADERIRTRSWQRLTKQGREFTKRLTPSWREALELELTRLEAYCGRVPDDEWSRIVDRTVIALWRRMGKQVRDWRKQVKSGAKVKVKGYQLDVVGGNSLAQIDYLEQQYKFLRRWSFFARASGLVVRADRESHFAVALRQHIENAKRDRLKKLADRILMEALGYVYEASGPREGQWTAQHPPCQLIILEELSAYRFSDDRPPSENSKLMAWGHRGILEELVNQAQVHDVLVGTVYAAFSSRFDARTGAPGVRCRRVPARFVGATVDDSLPLWLTEFLDKHRLDKNLLRPDDVIPTGEGEFLVSPCGEEAARVRQVHADINAAQNLQRRLWQNFDITELRLRCDVKMGGEGTVLVPRVNNARAKQLFGKKVLVSQDGVTFFERSQTGGKPHSEKQTDLTDKELELIAEADEARAKSVVLFRDPSGHIGKGHWIRQREFWSLVKQRIESHTAERIRVRGVGSSLD	1
WP_206885894.1-78	MKSIKVKLMVGNRPDVREGMWYLHEAINVGVRYYTEWLALLRQGNLYKRGTDGGQELYMTSEQCQQELLKRLRDRQRTNGHTGDPGTDEELLRVARQLYEVLVPQSVGKQGNAQMLSRKFLSPLTDPNSKGGKGTSKAGRKHRWILMKEAGDPAWVEAKARDDARKAVDPTKHILDKMESLGIKPLMDVFTETWTKIGWKPLRQRQGVRPWDRDMFQQALERLMSWESWNQRVGEEYARLVGQRDRFREKFAEQGHLVALAQRLEEDLKASSAGFEAKRVQAYRITMRALRGMQDIIQEWIKLPETESMERFDMVIKRWQAKNPRKFGSHDLFYKLAEPDYRPLWREDPTFLERWANYNSILNKLDRAKQFATFTLPDPYVNPVWVRFENAEGTNISRYTFHFDHVAPGHHAVVFDRFVVMKDGVPTEEEHVAVSLAPSGQLDRIIPAGTESPIDIVLDDPGAQGHFQAEFGGAKVQYRRNVLERVGRNNKLLSGMERNGFKAVADRVGDVFLNLSIRVTSPSEAMGDRRPPHASLFQIAENTYRVTVRYDRLAEYLSQHPDMGEVGASGLFSGLRVMSVDLGLRTAASVSVFRLARKDQLSSNETSAPPLCFPVFGSDELVAVHERSHLIRLPGEVESKRVRQIREARMGRLSRLRAQVSALRMVVRVGVTDEQARKRNWDRLNLYLERGDGRIPGEWWNQLRETVRTLDRKSSLKGDAWIRMVQASVRPLWRSLAKDVHNWRKEVRSGGDKVKVKGLAMNVPGGHSIAHLEYLERQYRFLRSWSSFSTEAGQVVRAERDSRFAVALREHLDNAKQDRLKKLADRILMEALGYVYVSNGRRSGGWQAKYPPCQLILLEELSEYRFSNDRPPSENRQLRVWSHRGVLTELVNQAQMHDVLVGTIPAAFSSRFDARTGAPGVRCRRAPETRGDVPVWLTRYLEEEAIDLAALRPGQLIPTGDGEFLVTPAGKGDAGIRVVHADLNAAHNLQKRLWENFDLSDIRIRGDRHDTGNEFALIPRLTNKRLEKNYKSKMFVSQDGKTFTITEGKNRTIGSGRKPDETLLSEEELEFLAQADDNQQQSMVLFRDPSGYVNGGRWTEQKTFWAMVKARVDRQLRVHYANHRINLE	1
Cas12b__set_3_6-30	MSIRSFKLKIKTKSGVAEELRRGLWRTHQLINDGIAYYMNWLVLLRQEDIEKRSKEEIQGELLERVHKQQQRNQWSGEVDDQTLLQTLRHLYEEIVPSVIGKSGNASLKARFFLGPLVDPNNKTTKDVSKSGPTPKWKKMKDAGDPNWVQEYEKYMAERQTLVRLEEMGLIPLFPMYTDEVGDIHWLPQASGYTRTWDRDMFQQAIERLLSWESWNRRVRERRAQFEKKTHDFASRFSESDVQWMNKLREYEAQQEKSLEENAFAPNEPYALTKKALRGWERVYHSWMRLDSAASEEAYWQEVATCQTAMRGEFGDPAIYQFLAQKENHDIWRGYPERVIDFAELNHLQRELRRAKEDATFTLPDSVDHPLWVRYEAPGGTNIHGYDLVQDTKRNLTLILDKFILPDENGSWHEVKKVPFSLAKSKQFHRQVWLQEEQKQKREVVFYDYSTNLPHLGTLAGAKLQWDRNFLNKRQQIEETGEIGKVFFNISVDVRPAVEVKNGRLQNGLGKALTVLTDGTKVTGWKAEQLEKWVGESGRVSSLGLDSLSEGLRVMSIDLGQRTSATVSVFEITKEAPDNPYKFFYQLEGTELFAVHQRSFLLALPGENPPQKIKQMREIRWKERNRIKQQVDQLSAILRLHKKVNEDERIQAIDKLLQKVASWQLNEEIATAWNQALSQLYSKAKENDLQWNQAIKNAHHQLEPVVGKQISLWRKDLSTGRQGIAGLSLWSIEELEATKKLLTRWSKRSREPGVVKRIERFETFAKQIQHHINQVKENRLKQLANLIVMTALGYKYDQEQKKWIEVYPACQVVLFENLRSYRFSYERSRRENKKLMEWSHRSIPKLVQMQGELFGLQVADVYAAYSSRYHGRTGAPGIRCHALTEADLRNEIIHELIEAGFIKEEHRPYLQQGDLVPWSGGELFATLQKPDNPRILTLHADINAAQNIQKRFWHPSMWFRVNCESVMEGEIVTYVPKNKTVHKKQGKTRFVKVEGSDVYEWAKWSKNRNKNTFSSITERKPPSSMILFRDPSGTFFKEQEWVEQKTFWGKVQSMIQAYMKKTIVQRMEE	0
Cas12b__set_3_20-23	MPTRTINLKLVLGKPENATLRRALFSTHRLVNQATKRIEEFLLLCRGEAYRTVDNEGKEAEIPRHAVQEEALAFAKAAQRHNGCISTYEDQEILDVLRQLYERLVPSVNEEAGDAQAANAWVSPLMSAESEGGKALNKPGSPPRWIRKLRSGQPWQDDFVSDQLTKGNAPLIKQLKEMGLLPLVNPFFRHLLDPEGKGVSPWDRLAVRAAVAHFISWESWNHRTRAEYNSLKLRRDEFEAASDEFKDDFTLLRQYEAKRHSTLKSIALADDSNPYRIGVRSLRAWNRVREEWIDKGATEEQRVTILSKLQTQLRGKFGDPDLFNWLAQDRHVHLWSPRDSVTPLVRINAVDKVLRRRKPYALMTFAHPRFHPRWILYEAPGGSNLRQYALDCTENALHITLPLLVDDAHGTWIEKKIRVPLAPSGQIQDLTLEKLEKKKNRLYYRSGFQQFAGLAGGAEVLFHRPYMEHDERSEESLLERPGAVWFKLTLDVATQAPPNGRVRTPPEVHHFKTALSNKSKHTRTLQPGLRVLSVDLGMRTFASCSVFELIEGKPETGRAFPVADPNKLWAKHERSFKLTLPGETPSRKEEEERSIARAEIYALKRDIQRLKSLLRLGEEDNDNRDALLEQFFKGWGEEDVVPGQAFPRSLFQLGAAPFRSTPELWRQHCQTYYDKAEACLAKHISDWRKRTRPPTSRYKTRSYHGGKSIWMLEYLDAVRKLLLSWSLRGRTYGAINRQDTFGSLASRLLHHINSLKEDRIKTGADSIVQAARGYIPLPHGKGWEQRYEPCQLILFEDLARYRFRVDRPRRENSQLMQWNHRAIVAETTMQAELYGQIVENTAAGFSSRFHAATGAPGVRCRFLLERDFDNDLPKPYWLGNTKVESEEEKLRLLSEKIRPGSLVPWDGGEQFATLHPKRQTLCVIHADMNAAQNLQRRFFGRCGEAFRLVCQPHGDDVLRLASLGALQQLENGQGAFELVRDMNRFVMKGKKIKPLQDNNGDDELEDVLSVLPEEDDTGRITVFRDSSGIFFPCNVWIPAKQFWPAVRAMIWKVMASHSLG	0
MBX6353558.1-75	MAVKSIKVKLMLASRPDVREGIWCLHQAINAGVRYYTEWLALLRQENLYRHGADGKQELFMSAQQCREELLRRLRDRQQRNGHKGDLGTDNELLRIARRLYEILVPESVGGKGDAQMLSRRFLSPLTDPNSEGGKGTSKSGRKPKWVLLKEAGDPTWVEAKARYEASKASDPTKDVLEGLETYGLKPLMDVFTETWKEIRWRPLGKRQGVRKWDRDMFQQALERLMSWEAWNQRVGEEYAKLVVARDDREENFSSQRHLVELARRLEEDLKTSSLGFAAKSAQAHRITMRALRGLEDIIPAWTKMSDQEPMDAFDDVIKQKQAKDPRRFGSHDLFYKLAEPPYRPLWREDPRFLRRWAEYNAILNKLDKAKQFATFTLPDACSNPVWARFENAEGTNIVTYSFQFDHDGPGRHAVVFERMIVMQDGQPTEADNVVVPVAPSKQLSAIRAAGTDSPITIALDDPAAPGEFHGEFGGAKIQYKRALLERVGRQRKHPRNWGALDPGVVSGRVRDVYLNLSIRVASQSEASGARRPPYAALFKIAEGTRRVTVDYGQLGKYLEQHPDRGILGAQGLHSGLRVMSVDLGLRTAASISVFRLAKRREVQPTDSSLQYDVHNCDDLVAVHERSYLIRLPGEVETKRVRQIREARMERLNRLRAQLAALRMLVRVGVSDEQTKQRNLERLRGYLGRGVHRLPEEWFTMLNDSVALLERKSTLRGDAWVRMVQASIRPLWRALAKEVSAWRREVRNGPKVKIKGPALDVPGGQSLAQLEYLERQYRFLRSWSSFSVAAGQVVRAERDSRFAVSLRQHLDNARRDRLKKLADRILMEALGYVYVTDGRRAGTWQAQYPPCQLILLEELSEYRFSNDRPPSENQQLRVWSHRGVLAELVSQAQMHDVLVGTIPAAFSSRFDAKTGAPGVRCRRVPVVMRGPLPAWLVRYIEKEKIALEQLYPGQLVPTGDGEFLVSPAGKGDAGVRVVHADLNAAHNLQKRLWSDFDLSDIRVPCTKKEAGAAMIAVPRNTYERMKNNYQRTQFVSQDGVVFEARKSTDRIKRQTANVAEVTVEEVEQGMSTGDDATADRSIVLFRDLSGFVNGGRWTEQKAFWAMVQARVDKQLQLHYAAKSKQRV	1
Cas12b__set_3_17-42	MAIRSIKLKLKTHTGPAQNLRKGIWRTHRLLNEGVAYYMKMLLLFRQESTGERPKEELQEELICHIREQQQRNQADKNQAPLDKALEALRQLYELLVPSSVGQSGDAQIISRKFLSPLVDPNSEGGKGTSKAGAKPTWQKKKEANDPTWEQDYEKWKKRREEDPTASVITTLEEYGIRPIFPLYTNTVTDIAWLPLQSNQFVRTWDRDMLQQAIERLLSWESWNKRVQEEYAKLKEKMAQLNEQLEGGQEWISLLEQYEENRERELRENMTAANDKYRITKRQMKGWNELYELWSTFPASASHEQYKEALKRVQQRLRGRFGDAHFFQYLMEEKNRLIWKGNPQRIHYFVARNELTKRLEEAKQSATMTLPNARKHPLWVRFDARGGNLQDYYLTAEAKPRSRRFVTFSQLIWPSESGWMEKKDVEVELALSRQFYQQVKLLKNDKGKQKIEFKDKGSGSTFNGHLGGAKLQLERGDLEKEEKNFEDGEIGSVYLNVVIDFEPLQEVKNGRVQAPYGQVLQLIRNEFPKVTTYKSEQLVEWIKASPQHSAGVESLASGFRVMSIDLGLRAAAATSIFSVEESSDKNAADFSYWIEGTPLVAVHQRSYMLRLPGEQVEKQVMEKRDERFQLHQRVKFQIRVLAQIMRMANKQYGDRWDELDSLKQAVEQSPLDQTDRTFWEGIVCDLTKVLPRNEADWEQAVVQIHRKAEEYVGKAVQAWRKRFADERKGIAGLSMWNIEELEGLRKLLISWSRRTRNPQEVNRFERGHTSHQRLLTHIQNVKEDRLKQLSHAIVMTALGYVYDERKQEWCAEYPACQVILFENLSQYRSNLDRSTKENSTLMKWAHRSIPKYVHMQAEPYGIQIGDVRAEYSSRFYAKTGTPGIRCKKVRGQDLQGRRFLQKRLVNEQFLTEEQVKQLRPGDIVPDDSGELFMTLTDGSKEVVFLQADINAAHNLQKRFWQRYNELFKVSCRVIVRDEEEYLVPKTKSVQAKLGKGLFVKKSWKDVYVWDSQAKLKGKTTFTEESPEQLEDFQEIIEEAEEAKGTYRTLFRDPSGVFFPESVWYPQKDFWGEVKRKLYGKLRERFLTKAR	1
WP_206918966.1-81	MTVKSIKVKLRLDNMPEIRAGLWKLHTEVNAGVRYYTEWLSLLRQENLYRRSPNGDGEQECYKTAEECKAELLERLRARQVENGHRGPAGSDDELLQLARQLYELLVPQAIGAKGDAQQIARKFLSPLADKDAVGGLGIAKAGNKPRWVRMRDAGEPGWEEEKAKAEARKSTDRTADVLRALADFGLKPLMRVYTDSDMSSVQWKPLRKGQAVRTWDRDMFQQAIERMMSWESWNQRVGEAYAKLVEQKSRFEQKNFVGQEHLVQLVNQLQQDMKEASHGLESKEQTAHYLTGRALRGSDKVFEKWEKLDPDAPFDLYDTEIKNVQRRNMRRFGSHDLFAKLAEPKYQALWREDASFLTRYAAYNSILRKLNHAKMFATFTLPDATAHPIWTRFDKLGGNLHQYTFLFNEFGEGRHAIRFQKLLTIEHGVAKEVDDVTVPISMSAQLDDLLPGESNEPTELSFRDHGTDQHFTGEFGGAKIQYRRDQLDHVHRRRGARDVYLNLSVRVQSQSEARGERRPPYAAVFRLVGDTHRAFAHFDKLSNYLAEHPDDGKLGSEGLLSGLRVMSVDLGLRTSASISVFRVARKDELKPNSEGRVPFFFPIKGNDNLVAVHERSQLLKLPGETESKDLRAIREERQRILRQLRTQLAYLRLLVRCGSEDVGRRERSWAKLIEQSVDAANHMTPDWREAFEGELQKLKSLYGICGDREWTEAVYESVRRVWRHMGKQVRDWRKDVRSGERPKIRGYQKDVVGGNSIEQIEYLERQYKFLKSWSFFGKVSGQVIRAEKGSRFATTLREHIDHAKEDRLKKLADRIIMEALGYVYALDAERGKGTWVAKYPPCQLILLEELSEYRFNNDRPPSENNQLMQWSHRGVFQELLNQAQVHDLLVGTMYAAFSSRFDARTGAPGIRCRRVPARCAREQNPEPFPWWLNKFVAEHKLDGCPLRADDLIPTGEGEFFVSPFSAEEGDFHQIHADLNAAQNLQRRLWSDFDISQIRLRCDWGEVDGEPVLIPRLTGKRTADSYGNKVFYTNTGVTYYERERGKKRRKAFAQEELSEEEAELLVEADEAREKSVVLMRDPSGIINRGDWTRQKEFWSMVNQRIEGYLVKQIRSRVRLPESACENTGDI	1
Cas12b__set_3_19-47	MATRSFILKIEPNEEVKKGLWKTHEVLNHGIAYYMNILKLIRQEAIYEHEQDPKNPKKVSKAEIQAELWDFVLKMQKCNSFTHEVDKDVVFNILRELYEELVPSSVEKKGEANQLSNKFLYPLVDPNSQSGKGTASSGRKPRWYNLKIAGDPSWEEEKKKWEEDKKKDPLAKILGKLAEYGLIPLFIPFTDIVKEIKWMEKSRNQSVRRLDKDMFIQALERFLSWESWNLKVKEEYEKVEKEHKTLEERIKEDIQAFKSLEQYEKERQEQLLRDTLNTNEYRLSKRGLRGWREIIQKWLKMDENEPSEKYLEVFKDYQRKHPREAGDYSVYEFLSKKENHFIWRNHPEYPYLYATFCEIDKKKKDAKQQATFTLADPINHPLWVRFEERSGSNLNKYRILTEQKLKKKLTVQLDRLIYPTESGGWEEKGKVDIVLLPSRQFYNQIFLDIEEKGKHAFTYKDESIKFPLKGTLGGARVQFDRDHLRRYPHKVESGNVGRIYFNMTVNIEPTESPVSKSLKIHRDDFPKFVNFKPKELTEWIKDSKKKLKSGIESLEIGLRVMSIDLGQRQAAAASIFEVVDQKPDIEGKLFFPIKGTELYAVHRASFNIKLPGETLVKSREVLRKAREDNLKLMNQKLNFLRNVLHFQQFEDITEREKRVTKWISRQENSDVPLVYQDELIQIRELMYKPYKDWVAFLKQLHKRLEVEIGKEVKHWRKSLSDGRKGLYGISLKNIDEIDRTRKFLLRWSLRPTEPGEVRRLEPGQRFAIDQLNHLNALKEDRLKKMANTIIMHALGYCYDVRKKKWQAKNPACQIILFEDLSNYNPYEERSRFENSKLMKWSRREIPRQVALQGEIYGLQVGEVGAQFSSRFHAKTGSPGIRCSVVTKEKLQDNRFFKNLQREGRLTLDKIAVLKEGDLYPDKGGEKFISLSKDRKLVTTHADINAAQNLQKRFWTRTHGFYKVYCKAYQVDGQTVYIPESKDQKQKEEFGEGYFILKDGVYEWGNAGKLKIKKGSSKQSSELVSDILKDSFDLASELKGEKLMLYRDPSGNVFPSDKWMAAGVFFGKLERILISKLTNQYSISTIEDDSSKQSM	1
Cas12b__set_3_2-37	VTQRAYTLRLRGADSNDPSWRDALWQTHEAVNRGAQAFGDWLLTLRGGLDHTLAGKGKPDPDPTDEERKARALEEILKSKDCSASLSAAIRDDAVWVNRSKAFDEAVESIGSSLTEPWDMLGDAYLAPAKGSEDESSEGTGKGADFRRMATVYEAIAKWDGKAMAGDKAIVLGLISYQLAAQTTVTQQDFVNTGSKGQRPYSNSILEKESVCGFTYLQDGGPARHSEFVILDHAARRVSLAHTWIKLAEAERRKFEEDAKKIDQVPEAAKDWLDRFCLERSGVSGALEPYRIRRRAVDGWKEVVAEWSKSDCKTVEDRIAAARALQDDPEDKFGDIQLFEALAEDDAVCVWHPDPQPLIDYALAAEAEFKKRHFKVPAYRHPDALLHPIFCDFGKSRWDICFDVHKNMQTPFPRALCLTLWTGSEMKRIPLCWQSRLARDLALGNNTAGASEVTRADDVVNIAGLFEQARLQAPRQQLEAIKHDWDQKAEKRNAIQWLVTFSARLQPQGPWCAYAKIHGLKEDPQYWPHADTNKNRKGILSRLPGLRVLAVDLGHRYAAACAVWEALSTEAFRTDGNALYYRRIGADTPWARLDRQFLIKLQGEEEGVREASNEEIWEGLKQMSSAVRTMRLALKRHGKETLDEKGRIDLLQVLWHDLFSSRGWRDDTAKQLWNAHVAKLHGYKAPEEPGDSREKREALHDARWKKQLRWFKDWVFPRGNHASDPTIRKVGGLSLPRLATLTEFRRVQVGFFTRLKPDGTRAETKEQFGQSALDALEHLREQRVKQLASRIAEAALGVGRVEGKDPKRPDVRVDEPCHAIVIEDLTHYRPEETRTRRENRQLMTWSSSKVKKYLAEACQLHGLHLREVSASYTSRQDSRTGAPGVRCQDVPVKEFMRSPFWRKQVKQAEADLNARWKDRTAAEKAGAVRIPLQGGEIFVSADANSPAAKGIQADLNAAANIGLRALTDPDKWWYVPCDPASFRPVRDKVDGSAVVNPDQPLRQSAQAQSGDAAKDKNGNKGAGKSKEVVNLWRDISSSPLEFGEWKEYAAYQNEVQCRVIRILKEQIKGRDKQPHEGSKEDDIPL	0
Cas12b__set_3_11-4	MSTISYPFKLIIKNKDEAKALLDTHQYMNEGVKYYLEKLLMFRQEKIFIGEDETGKRIYIEETEYKKQIEEFYLIKKTELGRNLTLTLDEFKTLMRELYICLVSSSMENKGFNAQQASLNIFSPLFDAESKGYILKEENNISLIHKDYGKILLKRLRDNNLIPIFTKFTDIKKITAKLSPTALDRMIFAQAIEKLLSYESWCKLIKERFDKEVKIKELENENKQERDKIFEILEKYEEERQKTFEQDGFAKKGKFYITGRMLKGFDEIKEKWLKEKDRSEQNLINILNKYQTDNSKLVGDRNLFEFIIKLENQCLWNGDIDYLKIKRDINKNQIWLDRPEMPRFTMPDFKKHPLWYRYEDPSNSNFRNYKIEVVKDENYITIPLITERNNEYFEENYTFNLAKLKKLSENISNDDQKKSKQYIKYCDTAKNTSYGKSGGIRLYFNRNELENYKDGKKMDSYFTLSIRDKSLFAKEKLQPQIFNSLKIQKEEQTNFSYFTQNQITDWMDEKTFQNVKELNEGIRVLSVDLGQRFFAAVSCFEIMSEIDNNKLFFNLNDQNNYYAKHIYSKTIKLSGEDDNKNYKLSYQERKNKIGIFTRQINKLNQLLKIIRNDEIDKEKFKELIETTKRYVTYNDGIIDWNNVDNKILSYENKEDVINLHKELEIDFKEFIRECRKPIFRSGGLSMQRIDFLEKLNKLKRKWVARTQKSAESIVLTPKFGYKLKEHINELKDNRVKQGVNYILMTALGYIKDNEKKQKEDWVKKNRACQIILMEKLTEYTFAEDRPREENSKLRMWSHRQIFNFLQQKASLWGILVGDVFAPYTSKCLSDNNAPGIRCHQVTKKDLIDNSWFLKIVVKDDAKENVKNKSIKINDILPLRGGELFASIKDGKLHIVQADINASRNIAKRFLSQINPFRVVLKKDKDETFHLKNEPNYLKNYYSILNFVPTNEETFFKVEENKDIKPTKRIKMDKHEKESTDEGDDYSKNQIALFRDDSGIFFDKSLWVDGKIFWSVVKNKMTKLLRERNNKKNGSK	1
Cas12b__set_3_7-60	MAVKSIKVKLRLDDMPEIRAGLWKLHKEVNAGVRYYTEWLSLLRQENLYRRSPDGEQECDKTAEECKAELLERLRARQVENGHRGPAGSDDELLQLARQLYELLVPQAIGAKGDAQQIARKFLSPLADKDAVGGLGIAKAGNKPRWVRMREAGEPGWEEEKEKAETRKSADRTADVLRALADFGLKPLMRVYTDSEMSVEWKPLRKGQAVRTWDRDMFQQAIERMMSWESWNQRVGQEYAKLVEQKNRFEQKNFVGQEHLVHLVNQLQQDMKEASPGLESKEQTAHYVTGRALRGSDKVFEKWGKLAPDAPFDLYDAEIKNVQRRNTRRFGSHDLFAKLAEPEYQALWREDASFLTRYAVYNSILRKLNHAKMFATFTLPDATAHPIWTRFDKLGGNLHQYTFLFNEFGERRHAIRFHKLLKVENGVAREVDDVTVPISMSEQLDNLLPRDPNEPIALYFRDYGAEQHFTGEFGGAKIQCRRDQLAHMHRRRGARDVYLNVSVRVQSQSEARGERRPPYAAVFRLVGDNHRAFVHFDKLSDYLAEHPDDGKLGSEGLLSGLRVMSVDLGLRTSASISVFRVARKDELKPNKGRVPFFFPIKGNDNLVAVHERSQLLKLPGETESKDLRAIREERQRTLRQLRTQLAYLRLLVRCGSEDVGRRERSWAKLIEQPVDAANHMTPDWREAFENELQKLKSLHGICSDKEWMDAVYESVRRVWRHMGKQVRDWRKDVRSGERPKIRGYVGGNSIEQIEYLERQYKFLKSWSFFGKVSGQVIRAEKGSRFAITLREHIDHAKEDRLKKLADRIIMEALGYVYALDERGKGKWVAKYPPCQLILLEELSEYQFNNDRPPSENNQLMQWSHRGVFQELINQAQVHDLLVGTMYAAFSSRFDARTGAPGIRCRRVPATQEHNPEPFPWWLNKFVVEHTLDACPLRADDLIPTGEGEIFVSPFSAEEGDFHQIHADLNAAQNLQQRLWSDFDISQIRLRCDWGEVDGELVLIPRLTGKRTADSYSNKVFYTNTGVTYYERERGKKRRKVFAQEKLSEEEAELLVEADEAREKSVVLMRDPSGIINRGNWTRQKEFWSMVNQRIEGYLVKQIRSRDSACENTGDI	1
Cas12b__set_3_23-1	MPRDDLDLLTNLNSTAKGIRERGKTKEGTDKKKSGRDKAAWETAKTSDSSAHFLEKLKHPDLKDAFGLSSGGSKKLEYYKKLAGSAPWKESAARWKEAKQQDGSKAAYRRLFDAGCLPMFAKYIDENQIEFGDLKLSDCGAEWKRGMWNQAGQRVRSHMGWQRRREKENAVYSLRKELFEERPAYGNQMWFIGLRSYEEEMAKYAEEAGMGSRSAPRIRRGTIKGWSKLRERWLQILKQATRDDLIGELNALRSQDPRAYGDARLFDWLSKTDQRFLWDGFRDCVSAFVAYNEEFADEPSSITLTETDERLHPVWPFFGESSAVPYEIEYDLETACPTAIRLPLLVGKENGGYAERQGTRLPLAESFQLPTPVRLDVIENSKLRMAYRDDLMVSPATGDFGSIKILWERIELASHVDQKKLPETARSRVFVSFSCNVVERAPRKQLTRKPDAVVVTIPSGVDQGLVVVSTDVRTGKSKSSAPPLPPGSRLGDPPLRILSVDLGHRHSAYAVWELGLQQKSWRAGVLKGSTQTPVYADCTGTGLLCLPGDGEDTPEESLRLRSRQIRRRLNLQNSILRVSRFEKTQSDVRDRNCDKAAEILIRWATGNADISFWKYMKNPPLSKLAGALCSGYGLWHDLDRTLIREILRRPPRARPDWREFHRTNDNIPKGRTLRGGLSMGRLNFLKEVGDFVKKWSCRPRWPGDRRHIPPGQLFDRQDAEHLEHLRDDRIKRLAHLIVAQALGFEPDIRRGLWKYVSAPAHIVVFENLIRYRFQSDRPKTENAGLMQWAHRQIVHFTKQVASLYGLKVAMVYAAFSSKFCSRCGSPGARVSRFDPAWRNQEWFKRRTSNPKVDHSLKRASEDPDETRPWEGGKEFVCANAKCSAHDEPLNADENAAANIGLRFLRGVEDFRTKVNPAGALKGKLRFETGIHSFRPVSGSPFWSAEPAQKKKIGAAAPGADVDEAGDDESGVVVLFRDPSGAFRNKQYWYEGKIFWSNVMMAVEAKIAGASVGAKPVASWGQAQPQSG	0
WP_146824402.1-83	MTVKSIKVKLRLDNMPEIRAGLWKLHTEVNAGVRYYTEWLSLLRQENLYRRSPNGDGEQECYKTAEECKVELLERLRARQVENGHRDPAGSDDELLQLARQLYELLVPQAIGAKGDAQQIARKFLSPLADKDAVGGLGIAKAGNKPRWVRMRDAGEPGWEEEKAKAEARKSTDRTADVLRALADFGLKPLMRVYTDSDMSSVQWKPLRKGQAVRTWDRDMFQQAIERMMSWESWNQRVGEAYAKLVEQKSRFEQKNFVGQEHLVQLVNQLQQDMKEASHGLESKEQTAHYLTGRALRGSDKVFEKWEKLDPDAPFDLYDTEIKNVQRRNTRRFGSHDLFAKLAEPKYQALWREDASFLTRYAAYNSILRKLNHAKMFATFTLPDATAHPIWTRFDKLGGNLHQYTFLFNEFGEGRHAIRFQKLLTIEHGVAKEVDDVTVPISMSAQLDDLLPGESNEPTELSFRDHGTDQHFTGEFGGAKIQYRRDQLDHVHRRRGARDVYLNLSVRVQSQSEARGERRPPYAAVFRLVGDTHRAFAHFDKLSNYLAEHPDDGKLGSEGLLSGLRVMSVDLGLRTSASISIFRVARKDELKPNSEGRVPFFFPIKGNDNLVAVHERSQLLKLPGETESKDLRAIREERQRILRQLRTQLAYLRLLVRCGSEDVGRRERSWAKLIEQSVDAANHMTPDWREAFEGELQKLKSLYGICGDREWTEAVYESVRRVWRHMGKQVRDWRKDVRSGERPKIRGYQKDVVGGNSIEQIEYLERQYKFLKSWSFFGKVSGQVIRAEKGSRFATTLREHIDHAKEDRLKKLADRIIMEALGYVYALDAERGKGTWVAKYPPCQLILLEELSEYRFNNDRPPSENNQLMQWSHRGVFQELLNQAQVHDLLVGTMYAAFSSRFDARTGAPGIRCRRVPARCAREQNPEPFPWWLNKFVAEHKLDGCPLRADDLIPTGEGEFFVSPFSAEEGDFHQIHADLNAAQNLQRRLWSDFDISQIRLRCDWGEVDGEPVLIPRLTGKRTADSYGNKVFYTNTGVTYYERERGKKRRKAFAQEELSEEEAELLVEADEAREKSVVLMRDPSGIINRGDWTRQKEFWSMVNQRIEGYLVKQIRSRVCLPESACENTGDI	1
Cas12b__set_3_21-17	MSLNRIAVTLAKGNVPAAGGDEVLWQHHELFQAAINYYLVALLALADDNVWGSFRRGRQRILATDRATALMQLLKACDAIQQEGPAITDSPALGSFDTYSATPQLTGPKARARQAITDRLASSLKDDDSQGYVGSSAKGEVQARLFALLPPPKNAPAGVPLPAASAADPVRIARGKRSFVFRAFTSLPCWHGGNIHPTWKSFDIAAFKYALTVINQIEEKTKERQAELETDFDYMHGRLYTANDLRIPLLRELLQNIKVDTALTDGEAVSYGLQRRTIRGFRELRRIWRGHAPAGTVEKLAGELRQFQTDNSTTIGSVQLFNELQNPKYWPIWQADVDPLAALVQEAELQEDIDALKAPVKLTPADPEYSRRQYDFNAVSSSANRHEPGQTERGHNTFTTEIARNAADGNRWRATHVRIHYSAPRLLRDGLRTDGNEALEAVPWLQPMMEALATLLTGMPVFLMPDVSGERRILLNLPVTLEPAALVEQLGNAGRWQNQFFGSREDPLRWPADKTAKGKTHIPWHRDHFTVLGVDLGTRDAGALALLNVTAQKPAKPVHRIIGEADGRTWYASLADARMIRLPGEDARLFVRGKLVEPYGERGRNASLLEARNIILRLGQNPINDKLLVALRRAQARLARLQNRSWRLRDLAESDKALDEIHAERAGEKPSPLPPLARDIIRRSFVQIANLIREWRPHVEVPDLVAGQRGISHERIEQIEELRRRCQSLNRARHKPGERPRPAKGEEICPALLEKINRLRDQRVDQTAHAILAAALGVRLRAAERRHGEYERFRAPADFVVIENLSRYLSSQDRARSENTRLMQWCHRQIVQKLRQLCETYGIPVLAVPAAYSSRFSSRDGSAGFRAVHLTPDHRHRMPWSRILARLKAHEEDGKRHVPGLLAPLPGGPVFVPLGDATPMQADLNAAINIALRGIADRHDIHHRLRAENKKRILSLRLGTQREKARWPGGAPAVTLSTPNNGASPEDSDALPERVSNLFVDIAGVANFQKFATGRGLWASVKQRAWNRVARLNETVTDNNRNEEEDDIPM	0
Cas12b__set_3_12-5	MNRIKVKNGKSPDELKDWQTALWRHHELFQDAVSYYTLALAAMAEEEAWEEFPRILPPAPEVRALAVALLAEKAKPQKTSDALNIDELAKSLKLSSLCVPNPEGARNLEGVSRQHASDVRLPNGERARGGGININKTYAGVPEPKVKEKKSEQSATWTELEKRILRIGDDPIELARKNNKPIFKAFTALEKWSDNSKSCWSDFDKCAFEEALKTLNQFNQKTEERESEAEAELKYMMDENTEKGDPRYEKLVKLFGDLDEEGSEHATGKIYGPSRASLRGFGKLRNEWVDLFTKANDQDLQKAVTGFQREHKLDMGYTAFFLKLCERDYWDIWRDDTSVVYAAADTRELAEELERLQEPVRYTPAEPQFSRRLFMFSDIKGHIREGLVEVSLAVKDQSGKYGTCRVRLHYSAPRLIRDHLSGSSSMWLQPMMAALGDARGCFTRDSVKEPAVALMSDFKRELRMLLNFPVDLDISKLEENIGKKARWEKQMNTAYEKLKQRLIWPGMLKETQEPGQFWWKEGMYCLAIDLSQRRAADYALLHAGVNRDSKTFVELGQAGGQSWFTKLCAAGSLRLPGEDTEVIREGKRQELSGKKGRNATQSEAIALAKQLLHNENSQNDKLIDLYYGALSRYKTWLRWSWRLTEQHKELWDKTLDEIRKVPYFASWGELARNFLEKALLHIAYRANRWIENGKDGKGKPWLRGQRGLSIARIEQLENFRRAVLSLNRLRHEIGTKPSSTCGESLCPDLTDKIVRLKEERVNQTAHLIIAQSLGVRLKGEERHGEHEVIRSPVDFVVLEDLSRYTTDKSRSRSENSRLMKWCHRKINEKVKLLAEPFGIPVIEVFASYSSKFDARTGAPGFRAVEVTSEDRPFWRKGLNGLVLPQNGGPLFIAAVKEDQPLPAIRQADINAAVNIGLRAIASCYHAHPKVRLIKGESGTKGKWLPRKGKKRENAQFGNVDLDLEVKFNRLDIDSDVLKGDNTNLFHDPLNIACYPFLAHASAVFSAVARLQWEVCRAINSRRLEAWQKKAEKAAVK	1
Cas12b__set_3_16-51	MATKSFILKMKTKNNPQLRLSLWKTHELFNFGVAYYMDLLSLFRQKDLYMNDEDPDHPVVLKKEEIQERLWMKVRETQQKNGFHGEVSKDEVLETLRALYEELVPSAVGKSGEANQISNKYLYPLTDPASQSGKGTANSGRKPRWKKLKEAGDPSWKDAYEKWEKERQEDPKLKILAALQSFGLIPLFRPFTEAVISVKWMPKSKNQSVRKFDKDMFNQAIERFLSWESWNEKVAEDYEKTVSIYESLQKELKGISTKAFEIMERVEKAYEAHLREITFSNSTYRIGNRAIRGWTEIVKKWMKLDPSAPQGNYLDVVKDYQRRHPRESGDFKLFELLSRPENQAAWREYPEFLPLYVKYRHAEQRMKTAKKQATFTLCDPIRHPLWVRYEERSGTNLNKYRLIMNEKEKVVQFDRLICLNADGHYEEQEDVTVPLAPSQQFDDQIKFSSEDKGKHNFSYYHKGINYELKGTLGGARIQFDREHLLRRQGVKAGNVGRIFLNVTLNIEPMQPSRSGNLQTSVGKALKVYVDGYPKVVNFKPKELTEHIKESENTLTLGVESLPTGLRVMSVDLGQRQAAAISIFEVVSEKPDDNKLFYPVKDTDLFAVHRTSFNIKLPGEKRTERRMLEQQKRDQAIRDLSRKLKFLKNVLNMQKLEKTDEREKRVNRWIKDREREEENPVYVQEFEMISKVLYSPHSVWVDQLKSIHRKLEEQLGKEISKWRQSISQGRQGVYGISLKNIEDIEKTRRLLFRWSMRPENPGEVKQLQPGERFAIDQQNHLNHLKDDRIKKLANQIVMTALGYRYDGKRKKWIAKHPACQLVLFEDLSRYAFYDERSRLENRNLMRWSRREIPKQVAQIGGLYGLLVGEVGAQYSSRFHAKSGAPGIRCRVVKEQKVRNQKFLDSLVENNIIEPDDARRLEPGDLIRDQGGDKFATLDERGELVITHADINAAQNLQKRFWTRTHGLYRIRCESREIKDAVVLVPSDKDQKEKNLFGIGYFKQENDVYKWVKGEKIKGKKTSSQSDKELVSEILQEASVMADELKGNRKTLFRDPSGYVFPKDRWYTGGRYFGTLEHLLKRKLAERRLFDGGSSRRGLFNGT	1
Cas12b__set_3_18-48	MATRSFILKIEPNEEVKKGLWKTHEVLNHGIAYYMNILKLIRQEAIYEHEQDPKNPKKVSKAEIQAELWDFVLKMQKCNSFTHEVDKDEVFNILRELYEELVPSSVEKKGEANQLSNKFLYPLVDPNSQSGKGTASSGRKPRWYNLKIAGDPSWEEEKKKWEEDKKKDPLAKILGKLAEYGLIPLFIPYTDIVKEIKWMEKSRNQSVRRLDKDMFIQALERFLSWESWNLKVKEEYEKVEKEYKTLEERIKEDIQALKALEQYEKERQEQLLRDTLNTNEYRLSKRGLRGWREIIQKWLKMDENEPSEKYLEVFKDYQRKHPREAGDYSVYEFLSKKENHFIWRNHPEYPYLYATFCEIDKKKKDAKQQATFTLADPINHPLWVRFEERSGSNLNKYRILTEQKLKKKLTVQLDRLIYPTESGGWEEKGKVDIVLLPSRQFYNQIFLDIEEKGKHAFTYKDESIKFPLKGTLGGARVQFDRDHLRRYPHKVESGNVGRIYFNMTVNIEPTESPVSKSLKIHRDDFPKVVNFKPKELTEWIKDSKKKLKSGIESLEIGLRVMSIDLGQRQAAAASIFEVVDQKPDIEGKLFFPIKGTELYAVHRASFNIKLPGETLVKSREVLRKAREDNLKLMNQKLNFLRNVLHFQQFEDITEREKRVTKWISRQENSDVPLVYQDELIQIRELMYKPYKDWVAFLKQLHKRLEVEIGKEVKHWRKSLSDGRKGLYGISLKNIDEIDRTRKFLLRWSLRPTEPGEVRRLEPGQRFAIDQLNHLNALKEDRLKKMANTIIMHALGYCYDVRKKKWQAKNPACQIILFEDLSNYNPYEERSRFENSKLMKWSRREIPRQVALQGEIYGLQVGEVGAQFSSRFHAKTGSPGIRCSVVTKEKLQDNRFFKNLQREGRLTLDKIAVLKEGDLYPDKGGEKFISLSKDRKCVTTHADINAAQNLQKRFWTRTHGFYKVYCKAYQVDGQTVYIPESKDQKQKEEFGEGYFILKDGVYEWVNAGKLKIKKGSSKQSSELVSDILKDSFDLASELKGEKLMLYRDPSGNVFPSDKWMAAGVFFGKLERILISKLTNQYSISTIEDDSSKQSM	1
AaCas12b-79	MAVKSMKVKLRLDNMPEIRAGLWKLHTEVNAGVRYYTEWLSLLRQENLYRRSPNGDGEQECYKTAEECKAELLERLRARQVENGHCGPAGSDDELLQLARQLYELLVPQAIGAKGDAQQIARKFLSPLADKDAVGGLGIAKAGNKPRWVRMREAGEPGWEEEKAKAEARKSTDRTADVLRALADFGLKPLMRVYTDSDMSSVQWKPLRKGQAVRTWDRDMFQQAIERMMSWESWNQRVGEAYAKLVEQKSRFEQKNFVGQEHLVQLVNQLQQDMKEASHGLESKEQTAHYLTGRALRGSDKVFEKWEKLDPDAPFDLYDTEIKNVQRRNTRRFGSHDLFAKLAEPKYQALWREDASFLTRYAVYNSIVRKLNHAKMFATFTLPDATAHPIWTRFDKLGGNLHQYTFLFNEFGEGRHAIRFQKLLTVEDGVAKEVDDVTVPISMSAQLDDLLPRDPHELVALYFQDYGAEQHLAGEFGGAKIQYRRDQLNHLHARRGARDVYLNLSVRVQSQSEARGERRPPYAAVFRLVGDNHRAFVHFDKLSDYLAEHPDDGKLGSEGLLSGLRVMSVDLGLRTSASISVFRVARKDELKPNSEGRVPFCFPIEGNENLVAVHERSQLLKLPGETESKDLRAIREERQRTLRQLRTQLAYLRLLVRCGSEDVGRRERSWAKLIEQPMDANQMTPDWREAFEDELQKLKSLYGICGDREWTEAVYESVRRVWRHMGKQVRDWRKDVRSGERPKIRGYQKDVVGGNSIEQIEYLERQYKFLKSWSFFGKVSGQVIRAEKGSRFAITLREHIDHAKEDRLKKLADRIIMEALGYVYALDDERGKGKWVAKYPPCQLILLEELSEYQFNNDRPPSENNQLMQWSHRGVFQELLNQAQVHDLLVGTMYAAFSSRFDARTGAPGIRCRRVPARCAREQNPEPFPWWLNKFVAEHKLDGCPLRADDLIPTGEGEFFVSPFSAEEGDFHQIHADLNAAQNLQRRLWSDFDISQIRLRCDWGEVDGEPVLIPRTTGKRTADSYGNKVFYTKTGVTYYERERGKKRRKVFAQEELSEEEAELLVEADEAREKSVVLMRDPSGIINRGDWTRQKEFWSMVNQRIEGYLVKQIRSRVRLQESACENTGDI	1
Cas12b__set_3_8-58	MAVKSMKVKLRLDNMPEIRAGLWKLHTEVNAGVRYYTEWLSLLRQENLYRRSPDGEQECYKTAEECKAELLERLRARQVENGHCGPAGSDDELLQLARQLYELLVPQAIGAKGDAQQIARKFLSPLADKDAVGGLGIAKAGNKPRWVRMREAGEPGWEEEKAKAEARKSTDRTADVLRALADFGLKPLMRVYTDSDMSVQWKPLRKGQAVRTWDRDMFQQAIERMMSWESWNQRVGEAYAKLVEQKSRFEQKNFVGQEHLVQLVNQLQQDMKEASHGLESKEQTAHYLTGRALRGSDKVFEKWEKLDPDAPFDLYDTEIKNVQRRNTRRFGSHDLFAKLAEPKYQALWREDASFLTRYAVYNSIVRKLNHAKMFATFTLPDATAHPIWTRFDKLGGNLHQYTFLFNEFGEGRHAIRFQKLLTVEDGVAKEVDDVTVPISMSAQLDDLLPRDPHELVALYFQDYGAEQHLAGEFGGAKIQYRRDQLNHLHARRGARDVYLNLSVRVQSQSEARGERRPPYAAVFRLVGDNHRAFVHFDKLSDYLAEHPDDGKLGSEGLLSGLRVMSVDLGLRTSASISVFRVARKDELKPNEGRVPFCFPIEGNENLVAVHERSQLLKLPGETESKDLRAIREERQRTLRQLRTQLAYLRLLVRCGSEDVGRRERSWAKLIEQPMDANQMTPDWREAFEDELQKLKSLYGICGDREWTEAVYESVRRVWRHMGKQVRDWRKDVRSGERPKIRGYVGGNSIEQIEYLERQYKFLKSWSFFGKVSGQVIRAEKGSRFAITLREHIDHAKEDRLKKLADRIIMEALGYVYALDDERGGKWVAKYPPCQLILLEELSEYQFNNDRPPSENNQLMQWSHRGVFQELLNQAQVHDLLVGTMYAAFSSRFDARTGAPGIRCRRVPAAREQNPEPFPWWLNKFVAEHKLDGCPLRADDLIPTGEGEFFVSPFSAEEGDFHQIHADLNAAQNLQRRLWSDFDISQIRLRCDWGEVDGEPVLIPRTTGKRTADSYGNKVFYTKTGVTYYERERGKKRRKVFAQEELSEEEAELLVEADEAREKSVVLMRDPSGIINRGDWTRQKEFWSMVNQRIEGYLVKQIRSRESACENTGDI	1
Cas12b__set_3_10-44	MAIRSIKLKMKTNSGTSIYLRKALWRTHQLINEGIAYYMNLLTLYRQEAIGDKTKEAYQAELINIIRNQQRNNGSSEHGSDQEILALLRQLYELIIPSSIGESGDANQLGNKFLYPLVDPNSQSGKGTSNAGRKPRWKRLKEEGNPDWELEKKKDEERKAKDPTVKIFDNLNKYGLLPLFPLFTNIQKDIEWLPLGKRQSVRKWDKDMFIQAIERLLSWESWNRRVADEYKQLKEKTESYYKEHLTGGEEWIEKIRKFEKERNMELEKNAFAPNDGYFITSRQIRGWDRVYEKWSKLPESASPEELWKVVAEQQNKMSEGFGDPKVFSFLANRENRDIWRGHSERIYHIAAYNGLQKKLSRTKEQATFTLPDAIEHPLWIRYESPGGTNLNLFKLEEKQKKNYYVTLSKIIWPSEEKWIEKENIEIPLAPSIQFNRQIKLKQHVKGKQEISFSDYSSRISLDGVLGGSRIQFNRKYIKNHKELLGEGDIGPVFFNLVVDVAPLQETRNGRLQSPIGKALKVISDFSKVIDYKPKELMDWMNTGSASNSFGVASLLEGMRVMSIDMGQRTSASVSIFEVVKELPKDQEQKLFYSINDTELFAIHKRSFLLNLPGEVVTKNNKQQRQERRKKRQFVRSQIRMLANVLRLETKKTPDERKKAIHKLMEIVQSSWTASQKEVWEKELNLLTNMAAFNDEIWKESLVELHHRIEPYVGQIVSKWRKGLSEGRKNLAGISMWNIDELEDTRRLLISWSKRSRTPGEANRIETDEPFGSSLLQHIQNVKDDRLKQMANLIIMTALGFKYDKEEKRWKETYPACQIILFENLNRYLFNLDRSRRENSRLMKWAHRSIPRTVSMQGEMFGLQVGDVRSEYSSRFHAKTGAPGIRCHALTEEDLKAGTLKRLIEDGFINESELAYLKKGDIIPSQGGELFVTLSKRDNNELTVIHADINAAQNLQKRFWQQNSEVYRVPCQLARMGEDKLYIPKSQTEKKYFGKGSFVKNNEQEVYKWEKSEKMKIKTDTTFDDLDGFEDISKTIELAQEQQKKYLTMFRDPSGYFFNNETWRPQKEYWSIVNNIIKSCLKKKILSNKVEL	1
